name,loc,AbstractClassWithoutAbstractMethod,AccessorClassGeneration,AccessorMethodGeneration,SimplifyBooleanExpressions,SimplifyBooleanReturns,ConstantsInInterface,ConstructorCallsOverridableMethod,DataClass,AvoidDeeplyNestedIfStmts,FieldDeclarationsShouldBeAtStartOfClass,GodClass,ImmutableField,AvoidSynchronizedAtMethodLevel,EmptyMethodInAbstractClassShouldBeAbstract,AvoidProtectedFieldInFinalClass,AvoidProtectedMethodInFinalClassNotExtending,AvoidReassigningParameters,CloseResource,SingletonClassReturningNewInstance,SwitchDensity,SwitchStmtsShouldHaveDefault,TooFewBranchesForASwitchStatement,UncommentedEmptyConstructor,UncommentedEmptyMethodBody,UnnecessaryLocalBeforeReturn,bug
src/java/org/apache/lucene/store/Directory.java,193,0,0,0,0,0,0,0,0,0,0,0,0,0,1,0,0,0,0,0,0,0,0,0,1,0,2
src/java/org/apache/lucene/index/MergePolicy.java,15,0,0,0,0,0,0,0,0,0,0,0,0,5,0,0,0,0,0,0,0,0,0,0,0,0,3
src/java/org/apache/lucene/search/Query.java,249,0,0,0,0,0,0,0,0,0,0,0,0,0,0,0,0,0,0,0,0,0,0,0,0,0,5
src/java/org/apache/lucene/search/Searcher.java,138,0,0,0,0,0,0,0,0,0,1,0,0,0,0,0,0,0,0,0,0,0,0,0,0,0,3
src/java/org/apache/lucene/index/IndexReader.java,722,0,0,0,0,0,0,0,0,0,15,1,0,11,1,0,0,0,1,0,0,0,0,0,0,0,17
src/java/org/apache/lucene/search/function/FieldCacheSource.java,54,0,0,0,0,0,0,0,0,0,0,0,1,0,0,0,0,0,0,0,0,0,0,0,0,0,1
src/java/org/apache/lucene/search/function/ValueSource.java,12,0,0,0,0,0,0,0,0,0,0,0,0,0,0,0,0,0,0,0,0,0,0,0,0,0,0
src/java/org/apache/lucene/search/function/DocValues.java,121,0,0,0,0,0,0,0,0,0,4,0,0,0,0,0,0,0,0,0,0,0,0,0,0,0,2
src/java/org/apache/lucene/search/SortComparator.java,21,0,0,0,0,0,0,0,0,0,0,0,0,0,0,0,0,0,0,0,0,0,0,0,0,0,1
src/java/org/apache/lucene/analysis/Analyzer.java,31,0,0,0,0,0,0,0,0,0,1,0,1,0,1,0,0,0,0,0,0,0,0,0,0,0,4
src/java/org/apache/lucene/store/IndexInput.java,314,0,0,0,0,0,0,0,0,0,0,0,0,0,0,0,0,0,0,0,0,0,0,0,0,0,2
src/java/org/apache/lucene/analysis/TokenStream.java,72,1,0,0,0,0,0,0,0,0,0,0,0,0,2,0,0,0,0,0,0,0,0,0,2,0,7
src/java/org/apache/lucene/index/InvertedDocEndConsumerPerThread.java,8,0,0,0,0,0,0,0,0,0,0,0,0,0,0,0,0,0,0,0,0,0,0,0,0,0,0
src/java/org/apache/lucene/index/InvertedDocEndConsumerPerField.java,6,0,0,0,0,0,0,0,0,0,0,0,0,0,0,0,0,0,0,0,0,0,0,0,0,0,0
src/java/org/apache/lucene/index/IndexCommit.java,78,0,0,0,0,0,0,0,0,0,0,0,0,0,0,0,0,0,0,0,0,0,0,0,0,0,2
src/java/org/apache/lucene/store/LockFactory.java,19,0,0,0,0,0,0,0,0,0,0,0,0,0,0,0,0,0,0,0,0,0,0,0,0,0,1
src/java/org/apache/lucene/store/Lock.java,119,0,0,0,0,0,0,0,0,0,1,0,2,0,0,0,0,0,0,0,0,0,0,0,0,0,1
src/java/org/apache/lucene/search/HitCollector.java,5,0,0,0,0,0,0,0,0,0,0,0,0,0,0,0,0,0,0,0,0,0,0,0,0,0,1
src/java/org/apache/lucene/search/Filter.java,15,0,0,0,0,0,0,0,0,0,0,0,0,0,1,0,0,0,0,0,0,0,0,0,0,0,1
src/java/org/apache/lucene/search/DocIdSet.java,5,0,0,0,0,0,0,0,0,0,0,0,0,0,0,0,0,0,0,0,0,0,0,0,0,0,5
src/java/org/apache/lucene/search/DocIdSetIterator.java,7,0,0,0,0,0,0,0,0,0,0,0,0,0,0,0,0,0,0,0,0,0,0,0,0,0,3
src/java/org/apache/lucene/search/spans/SpanQuery.java,17,0,0,0,0,0,0,0,0,0,0,0,0,0,1,0,0,0,0,0,0,0,0,0,0,0,3
src/java/org/apache/lucene/analysis/TokenFilter.java,20,0,0,0,0,0,0,0,0,0,0,0,0,0,0,0,0,0,0,0,0,0,0,0,0,0,3
src/java/org/apache/lucene/store/IndexOutput.java,343,0,0,0,0,0,0,0,0,0,2,0,1,0,1,0,0,2,0,0,0,0,0,0,1,0,2
src/java/org/apache/lucene/index/MergeScheduler.java,6,0,0,0,0,0,0,0,0,0,0,0,0,0,0,0,0,0,0,0,0,0,0,0,0,0,0
src/java/org/apache/lucene/document/AbstractField.java,593,0,0,0,1,0,0,1,0,0,0,0,0,0,0,0,0,0,0,0,0,0,0,1,0,0,1
src/java/org/apache/lucene/search/Similarity.java,94,0,0,0,0,0,0,0,0,0,1,0,0,0,0,0,0,0,0,0,0,0,0,0,0,0,4
src/java/org/apache/lucene/util/PriorityQueue.java,293,0,0,0,0,0,0,0,0,0,0,0,0,0,0,0,0,0,0,0,0,0,0,0,0,0,1
src/java/org/apache/lucene/search/Scorer.java,44,0,0,0,0,0,0,0,0,0,0,0,1,0,0,0,0,0,0,0,0,0,0,0,0,0,5
src/java/org/apache/lucene/index/TermEnum.java,21,0,0,0,0,0,0,0,0,0,0,0,0,0,0,0,0,0,0,0,0,0,0,0,0,0,1
src/java/org/apache/lucene/index/TermsHashConsumerPerField.java,10,0,0,0,0,0,0,0,0,0,0,0,0,0,0,0,0,0,0,0,0,0,0,0,0,0,0
src/java/org/apache/lucene/index/RawPostingList.java,8,1,0,0,0,0,0,0,0,0,0,0,0,0,0,0,0,0,0,0,0,0,0,0,0,0,0
src/java/org/apache/lucene/analysis/CharTokenizer.java,185,0,0,0,0,0,0,0,0,0,4,0,0,0,0,0,0,0,0,0,0,0,0,0,0,0,4
src/java/org/apache/lucene/analysis/Tokenizer.java,22,0,0,0,0,0,0,0,0,0,0,0,0,0,0,0,0,0,0,0,0,0,0,1,0,0,4
src/java/org/apache/lucene/store/BufferedIndexInput.java,478,0,0,0,0,0,0,0,0,0,0,0,0,0,0,0,0,2,0,0,0,0,0,1,0,0,0
src/java/org/apache/lucene/search/FilteredTermEnum.java,103,0,0,0,0,0,0,0,0,0,0,0,0,0,0,0,0,0,0,0,0,0,0,1,0,0,0
src/java/org/apache/lucene/util/Parameter.java,88,0,0,0,0,0,0,0,0,0,0,0,0,0,0,0,0,0,0,0,0,0,0,0,0,0,0
src/java/org/apache/lucene/index/TermVectorMapper.java,28,0,0,0,0,0,0,0,0,0,0,0,0,0,1,0,0,0,0,0,0,0,0,1,1,0,0
src/java/org/apache/lucene/index/InvertedDocConsumer.java,15,0,0,0,0,0,0,0,0,0,1,0,0,0,0,0,0,0,0,0,0,0,0,0,0,0,0
src/java/org/apache/lucene/index/TermsHashConsumer.java,16,0,0,0,0,0,0,0,0,0,1,0,0,0,0,0,0,0,0,0,0,0,0,0,0,0,0
src/java/org/apache/lucene/index/InvertedDocConsumerPerThread.java,8,0,0,0,0,0,0,0,0,0,0,0,0,0,0,0,0,0,0,0,0,0,0,0,0,0,0
src/java/org/apache/lucene/index/DocConsumerPerThread.java,6,0,0,0,0,0,0,0,0,0,0,0,0,0,0,0,0,0,0,0,0,0,0,0,0,0,0
src/java/org/apache/lucene/index/InvertedDocEndConsumer.java,9,0,0,0,0,0,0,0,0,0,0,0,0,0,0,0,0,0,0,0,0,0,0,0,0,0,0
src/java/org/apache/lucene/index/DocConsumer.java,9,0,0,0,0,0,0,0,0,0,0,0,0,0,0,0,0,0,0,0,0,0,0,0,0,0,0
src/java/org/apache/lucene/index/DocFieldConsumer.java,15,0,0,0,0,0,0,0,0,0,0,0,0,0,0,0,0,0,0,0,0,0,0,0,0,0,0
src/java/org/apache/lucene/index/DocFieldConsumerPerThread.java,8,0,0,0,0,0,0,0,0,0,0,0,0,0,0,0,0,0,0,0,0,0,0,0,0,0,0
src/java/org/apache/lucene/index/TermsHashConsumerPerThread.java,8,0,0,0,0,0,0,0,0,0,0,0,0,0,0,0,0,0,0,0,0,0,0,0,0,0,0
src/java/org/apache/lucene/index/DirectoryIndexReader.java,596,0,0,0,1,0,0,0,0,0,0,0,1,1,0,0,0,0,0,0,0,0,0,1,0,0,10
src/java/org/apache/lucene/search/PhraseScorer.java,345,0,0,0,0,0,0,0,0,0,0,0,1,0,0,0,0,0,0,0,0,0,0,0,0,0,4
src/java/org/apache/lucene/util/StringHelper.java,62,1,0,0,0,0,0,0,0,0,0,0,0,0,0,0,0,0,0,0,0,0,0,0,0,0,0
src/java/org/apache/lucene/index/DocFieldConsumerPerField.java,6,0,0,0,0,0,0,0,0,0,0,0,0,0,0,0,0,0,0,0,0,0,0,0,0,0,0
src/java/org/apache/lucene/store/BufferedIndexOutput.java,185,0,0,0,0,0,0,0,0,0,0,0,0,0,0,0,0,0,0,0,0,0,0,0,0,0,0
src/java/org/apache/lucene/search/SpanFilter.java,5,0,0,0,0,0,0,0,0,0,0,0,0,0,0,0,0,0,0,0,0,0,0,0,0,0,0
src/java/org/apache/lucene/index/MultiLevelSkipListWriter.java,178,0,0,0,0,0,0,0,0,0,0,0,1,0,0,0,0,1,0,0,0,0,0,0,0,0,1
src/java/org/apache/lucene/util/cache/Cache.java,18,0,0,0,0,0,0,0,0,0,0,0,0,0,0,0,0,0,0,0,0,0,0,0,0,0,0
src/java/org/apache/lucene/index/MultiLevelSkipListReader.java,481,0,0,0,0,0,0,0,0,0,0,0,4,0,0,0,0,0,0,0,0,0,0,0,0,0,0
src/java/org/apache/lucene/index/LogMergePolicy.java,817,0,0,0,0,0,0,0,0,1,0,1,0,0,1,0,0,0,0,0,0,0,0,0,1,0,4
src/java/org/apache/lucene/search/MultiTermQuery.java,136,0,0,0,0,0,0,0,0,0,0,0,1,0,0,0,0,0,0,0,0,0,0,0,0,0,5
src/java/org/apache/lucene/index/InvertedDocConsumerPerField.java,8,0,0,0,0,0,0,0,0,0,0,0,0,0,0,0,0,0,0,0,0,0,0,0,0,0,0
src/java/org/apache/lucene/search/PrefixFilter.java,139,0,0,0,0,0,0,0,0,0,0,0,0,0,0,0,0,0,0,0,0,0,0,0,0,0,0
src/java/org/apache/lucene/analysis/WhitespaceAnalyzer.java,31,0,0,0,0,0,0,0,0,0,0,0,0,0,0,0,0,0,0,0,0,0,0,0,0,0,1
src/java/org/apache/lucene/index/IndexWriter.java,8474,0,0,0,0,1,0,0,0,0,8,1,5,49,0,0,0,5,0,0,0,0,0,0,1,0,30
src/java/org/apache/lucene/index/ConcurrentMergeScheduler.java,531,0,0,0,0,0,0,0,0,0,3,0,1,8,0,0,0,0,0,0,0,0,0,0,0,0,2
src/java/org/apache/lucene/document/Document.java,432,0,0,0,0,0,0,0,0,0,4,0,0,0,0,0,0,0,0,0,0,0,0,1,0,0,0
src/java/org/apache/lucene/document/Field.java,482,0,0,0,0,0,0,0,0,0,16,0,0,0,0,0,0,0,0,0,0,0,0,0,0,0,5
src/java/org/apache/lucene/analysis/standard/StandardAnalyzer.java,242,0,0,0,0,0,0,0,1,0,3,0,0,0,0,0,0,0,0,0,0,0,0,0,0,0,4
src/java/org/apache/lucene/index/Term.java,145,0,0,0,0,0,0,0,0,0,0,0,0,0,0,0,0,0,0,0,0,0,0,0,0,0,2
src/java/org/apache/lucene/store/RAMDirectory.java,386,0,0,0,0,0,0,0,0,0,0,0,0,4,0,0,0,0,0,0,0,0,0,0,0,0,3
src/java/org/apache/lucene/search/BooleanQuery.java,446,0,0,0,0,0,0,0,0,0,4,1,0,0,0,0,0,1,0,0,0,0,0,2,0,0,10
src/java/org/apache/lucene/search/ScoreDoc.java,12,0,0,0,0,0,0,0,0,0,0,0,0,0,0,0,0,0,0,0,0,0,0,0,0,0,1
src/java/org/apache/lucene/search/IndexSearcher.java,205,0,0,0,0,0,0,0,0,0,0,0,0,0,0,0,0,0,0,0,0,0,0,0,0,0,12
src/java/org/apache/lucene/search/MatchAllDocsQuery.java,57,0,0,0,0,0,0,0,0,0,0,0,1,0,0,0,0,0,0,0,0,0,0,1,1,0,6
src/java/org/apache/lucene/search/TopDocs.java,25,0,0,0,0,0,0,0,1,0,0,0,0,0,0,0,0,0,0,0,0,0,0,0,0,0,1
src/java/org/apache/lucene/search/BooleanClause.java,104,0,0,0,0,0,0,0,0,0,5,0,0,0,0,0,0,0,0,0,0,0,0,0,0,0,0
src/java/org/apache/lucene/search/TermQuery.java,100,0,0,0,0,0,0,0,0,0,0,0,3,0,0,0,0,0,0,0,0,0,0,0,0,0,4
src/java/org/apache/lucene/analysis/SimpleAnalyzer.java,31,0,0,0,0,0,0,0,0,0,0,0,0,0,0,0,0,0,0,0,0,0,0,0,0,0,1
src/java/org/apache/lucene/search/FieldCacheImpl.java,199,0,0,0,0,0,0,0,0,2,0,0,0,0,0,0,0,0,0,0,0,0,0,0,0,1,4
src/java/org/apache/lucene/store/FSDirectory.java,1037,0,0,0,0,0,0,0,0,0,9,0,0,2,0,0,0,4,0,0,0,0,0,1,1,0,9
src/java/org/apache/lucene/search/Hits.java,498,0,0,0,0,0,0,0,0,0,0,0,6,0,0,0,0,1,0,0,0,0,0,0,0,0,2
src/java/org/apache/lucene/search/Sort.java,175,0,0,0,0,0,0,13,0,0,0,0,0,0,0,0,0,0,0,0,0,0,0,0,0,0,2
src/java/org/apache/lucene/index/NormsWriterPerThread.java,30,0,0,0,0,0,0,0,0,0,0,0,0,0,0,0,0,0,0,0,0,0,0,0,3,0,0
src/java/org/apache/lucene/index/NormsWriter.java,409,0,0,0,0,0,0,0,0,0,0,0,0,0,0,0,0,0,0,0,0,0,0,0,3,0,0
src/java/org/apache/lucene/index/DocInverterPerThread.java,84,0,0,0,0,0,0,0,0,0,0,0,0,0,0,0,0,0,0,0,0,0,0,0,0,0,1
src/java/org/apache/lucene/index/DocInverterPerField.java,340,0,0,0,0,0,0,0,0,0,0,0,0,0,0,0,0,0,2,0,0,0,0,0,0,0,3
src/java/org/apache/lucene/index/FieldInfo.java,172,0,0,0,0,0,0,0,0,0,0,0,0,0,0,0,0,0,0,0,0,0,0,0,0,0,2
src/java/org/apache/lucene/index/NormsWriterPerField.java,191,0,0,0,0,0,0,0,0,0,0,0,0,0,0,0,0,0,0,0,0,0,0,0,0,0,0
src/java/org/apache/lucene/index/DocumentsWriter.java,2835,0,0,0,0,0,0,0,0,0,39,1,4,56,0,0,0,1,0,0,0,0,0,0,2,0,9
src/java/org/apache/lucene/index/KeepOnlyLastCommitDeletionPolicy.java,28,0,0,0,0,0,0,0,0,0,0,0,0,0,0,0,0,0,0,0,0,0,0,0,0,0,0
src/java/org/apache/lucene/index/SnapshotDeletionPolicy.java,109,0,0,0,0,0,0,0,0,0,0,0,1,4,0,0,0,0,0,0,0,0,0,0,0,0,2
src/java/org/apache/lucene/store/LockReleaseFailedException.java,5,0,0,0,0,0,0,0,0,0,0,0,0,0,0,0,0,0,0,0,0,0,0,0,0,0,0
src/java/org/apache/lucene/store/NativeFSLockFactory.java,532,0,0,0,0,0,0,1,0,0,0,0,2,4,0,0,0,2,0,0,0,0,0,0,0,0,3
src/java/org/apache/lucene/store/NoLockFactory.java,39,0,0,0,0,0,0,0,0,0,0,0,0,0,0,0,0,0,0,0,0,0,0,0,2,0,0
src/java/org/apache/lucene/store/SingleInstanceLockFactory.java,125,0,0,0,0,0,0,0,0,0,0,0,2,0,0,0,0,0,0,0,0,0,0,0,0,0,1
src/java/org/apache/lucene/store/SimpleFSLockFactory.java,202,0,0,0,0,0,0,2,0,0,0,0,0,0,0,0,0,2,0,0,0,0,0,0,0,0,2
src/java/org/apache/lucene/search/Explanation.java,197,0,0,0,0,0,0,0,0,0,0,0,0,0,0,0,0,0,0,0,0,0,0,1,0,0,1
src/java/org/apache/lucene/search/TopFieldDocs.java,11,0,0,0,0,0,0,0,0,0,0,0,0,0,0,0,0,0,0,0,0,0,0,0,0,0,0
src/java/org/apache/lucene/index/MergeDocIDRemapper.java,354,0,0,0,0,0,0,0,0,0,0,0,0,0,0,0,0,0,0,0,0,0,0,0,0,0,1
src/java/org/apache/lucene/index/SegmentInfo.java,1568,0,0,0,0,1,0,0,0,0,0,0,0,0,0,0,0,0,0,0,0,0,0,0,0,0,2
src/java/org/apache/lucene/index/SegmentInfos.java,729,0,0,0,0,0,0,0,0,0,4,1,0,1,0,0,0,0,0,0,0,0,0,0,0,0,11
src/java/org/apache/lucene/search/ConstantScoreQuery.java,93,0,0,0,0,0,0,0,0,0,0,0,1,0,0,0,0,0,0,0,0,0,0,0,0,0,6
src/java/org/apache/lucene/search/spans/SpanTermQuery.java,122,0,0,0,0,0,0,0,0,0,0,0,0,0,0,0,0,0,0,0,0,0,0,0,0,0,1
src/java/org/apache/lucene/search/SpanQueryFilter.java,118,0,0,0,0,0,0,0,0,0,0,0,0,0,0,0,0,0,0,0,0,0,0,1,0,0,1
src/java/org/apache/lucene/search/SpanFilterResult.java,35,0,0,0,0,0,0,0,0,0,0,0,5,0,0,0,0,0,0,0,0,0,0,0,0,0,0
src/java/org/apache/lucene/index/CompoundFileReader.java,267,0,0,0,0,0,0,0,0,0,4,0,1,3,0,0,0,0,0,0,0,0,0,0,1,0,0
src/java/org/apache/lucene/index/FieldInfos.java,565,0,0,0,0,0,0,0,0,0,0,0,2,10,0,0,0,0,0,0,0,0,0,1,0,0,6
src/java/org/apache/lucene/index/IndexFileNames.java,298,0,0,0,0,0,0,0,0,0,0,0,0,0,0,0,0,0,0,0,0,0,0,0,0,0,0
src/java/org/apache/lucene/index/SerialMergeScheduler.java,18,0,0,0,0,0,0,0,0,0,0,0,0,1,0,0,0,0,0,0,0,0,0,0,1,0,0
src/java/org/apache/lucene/util/UnicodeUtil.java,969,0,0,0,0,0,0,0,0,0,0,0,0,0,0,0,0,0,0,0,0,0,0,0,0,0,1
src/java/org/apache/lucene/analysis/WhitespaceTokenizer.java,13,0,0,0,0,0,0,0,0,0,0,0,0,0,0,0,0,0,0,0,0,0,0,0,0,0,1
src/java/org/apache/lucene/analysis/SinkTokenizer.java,143,0,0,0,0,0,0,0,0,0,0,0,0,0,0,0,0,0,0,0,0,0,0,0,0,0,0
src/java/org/apache/lucene/analysis/standard/StandardTokenizer.java,245,0,0,0,0,0,0,0,0,0,1,0,0,0,0,0,0,0,0,0,0,0,0,0,0,0,4
src/java/org/apache/lucene/analysis/Token.java,1122,0,0,0,0,0,0,0,0,0,0,0,0,0,0,0,0,2,0,0,0,0,0,1,0,0,4
src/java/org/apache/lucene/search/PhraseQuery.java,382,0,0,0,0,0,0,0,0,0,0,0,4,0,0,0,0,0,0,0,0,0,0,1,0,0,5
src/java/org/apache/lucene/store/AlreadyClosedException.java,5,0,0,0,0,0,0,0,0,0,0,0,0,0,0,0,0,0,0,0,0,0,0,0,0,0,0
src/java/org/apache/lucene/index/LogDocMergePolicy.java,27,0,0,0,0,0,0,0,0,0,0,0,0,0,0,0,0,0,0,0,0,0,0,0,0,0,2
src/java/org/apache/lucene/index/IndexFileDeleter.java,1021,0,0,0,0,0,0,0,0,2,0,0,7,0,0,0,0,0,0,0,0,0,0,0,0,0,5
src/java/org/apache/lucene/index/CorruptIndexException.java,5,0,0,0,0,0,0,0,0,0,0,0,0,0,0,0,0,0,0,0,0,0,0,0,0,0,0
src/java/org/apache/lucene/util/SmallFloat.java,155,0,0,0,0,0,0,0,0,0,0,0,0,0,0,0,0,0,0,0,0,0,0,0,0,0,0
src/java/org/apache/lucene/search/DefaultSimilarity.java,54,0,0,0,0,0,0,0,0,0,0,0,0,0,0,0,0,0,0,0,0,0,0,0,0,0,0
src/java/org/apache/lucene/index/ReusableStringReader.java,90,0,0,0,0,0,0,0,0,0,0,0,0,0,0,0,0,0,0,0,0,0,0,0,1,0,0
src/java/org/apache/lucene/search/spans/SpanOrQuery.java,292,0,0,0,0,0,0,0,0,0,0,0,1,0,0,0,0,0,0,0,0,0,0,0,0,0,5
src/java/org/apache/lucene/util/ToStringUtils.java,21,0,0,0,0,0,0,0,0,0,0,0,0,0,0,0,0,0,0,0,0,0,0,0,0,0,1
src/java/org/apache/lucene/search/ReqExclScorer.java,179,0,0,0,0,0,0,0,0,0,1,0,0,0,0,0,0,0,0,0,0,0,0,0,0,0,2
src/java/org/apache/lucene/analysis/StopAnalyzer.java,228,0,0,0,0,0,0,0,0,0,0,0,1,0,0,0,0,0,0,0,0,0,0,0,0,0,2
src/java/org/apache/lucene/queryParser/QueryParser.java,3477,0,0,0,0,2,0,0,0,0,21,1,1,0,0,0,0,11,0,0,1,1,10,0,2,0,3
src/java/org/apache/lucene/analysis/CachingTokenFilter.java,107,0,0,0,0,0,0,0,0,0,0,0,0,0,0,0,0,0,0,0,0,0,0,0,0,0,1
src/java/org/apache/lucene/analysis/LowerCaseTokenizer.java,9,0,0,0,0,0,0,0,0,0,0,0,0,0,0,0,0,0,0,0,0,0,0,0,0,0,1
src/java/org/apache/lucene/queryParser/ParseException.java,408,0,0,0,0,0,0,0,0,0,5,0,0,0,0,0,0,0,0,0,0,0,0,0,0,0,1
src/java/org/apache/lucene/search/FilteredQuery.java,143,0,0,0,0,0,0,0,0,0,0,0,0,0,0,0,0,0,0,0,0,0,0,0,0,0,7
src/java/org/apache/lucene/search/MultiPhraseQuery.java,413,0,0,0,0,0,0,0,0,0,0,0,3,0,0,0,0,0,0,0,0,0,0,0,0,0,4
src/java/org/apache/lucene/search/MultiSearcher.java,577,0,0,0,0,0,0,0,0,0,3,0,3,0,0,0,0,0,0,0,0,0,0,0,0,0,5
src/java/org/apache/lucene/search/RangeFilter.java,695,0,0,0,0,1,0,0,0,1,0,0,0,0,0,0,0,0,0,0,0,0,0,0,0,0,2
src/java/org/apache/lucene/search/spans/SpanNearQuery.java,359,0,0,0,0,0,0,0,0,0,0,0,3,0,0,0,0,0,0,0,0,0,0,0,0,0,5
src/java/org/apache/lucene/search/spans/SpanNotQuery.java,224,0,0,0,0,0,0,0,0,0,0,0,0,0,0,0,0,0,0,0,0,0,0,0,0,0,4
src/java/org/apache/lucene/search/payloads/BoostingTermQuery.java,42,0,0,0,0,0,0,0,0,0,0,0,1,0,0,0,0,0,0,0,0,0,0,0,0,0,2
src/java/org/apache/lucene/search/spans/SpanScorer.java,190,0,0,0,0,0,0,0,0,0,0,0,0,0,0,0,0,0,0,0,0,0,0,0,0,0,3
src/java/org/apache/lucene/search/spans/SpanWeight.java,357,0,0,0,0,0,0,0,0,0,0,0,0,0,0,0,0,0,0,0,0,0,0,0,0,0,4
src/java/org/apache/lucene/search/spans/TermSpans.java,180,0,0,0,0,0,0,0,0,0,0,0,0,0,0,0,0,0,0,0,0,0,0,0,0,0,3
src/java/org/apache/lucene/search/ComplexExplanation.java,65,0,0,0,0,0,0,0,0,0,0,0,0,0,0,0,0,0,0,0,0,0,0,0,0,0,1
src/java/org/apache/lucene/document/NumberTools.java,127,0,0,0,0,0,0,0,0,0,0,0,0,0,0,0,0,1,0,0,0,0,0,0,0,0,3
src/java/org/apache/lucene/search/FuzzyQuery.java,286,0,0,0,0,1,0,0,0,0,0,0,0,0,0,0,0,0,0,0,0,0,0,0,0,0,3
src/java/org/apache/lucene/search/function/ValueSourceQuery.java,74,0,0,0,0,0,0,0,0,0,0,0,0,0,0,0,0,0,0,0,0,0,0,0,0,0,6
src/java/org/apache/lucene/store/RAMFile.java,133,0,0,0,0,0,0,0,0,0,0,0,1,7,0,0,0,0,0,0,0,0,0,1,0,0,0
src/java/org/apache/lucene/analysis/TeeTokenFilter.java,58,0,0,0,0,0,0,0,0,0,0,0,0,0,0,0,0,0,0,0,0,0,0,0,0,0,0
src/java/org/apache/lucene/queryParser/Token.java,49,0,0,0,0,0,0,0,0,0,0,0,0,0,0,0,0,0,0,0,0,0,1,1,0,0,1
src/java/org/apache/lucene/index/SegmentTermEnum.java,394,0,0,0,0,0,0,0,0,0,0,0,1,0,0,0,0,0,0,0,0,0,0,0,0,0,0
src/java/org/apache/lucene/index/TermBuffer.java,303,0,0,0,0,0,0,0,0,0,0,0,0,0,0,0,1,0,0,0,0,0,0,0,0,0,0
src/java/org/apache/lucene/index/TermInfo.java,100,0,0,0,0,0,0,0,0,0,0,0,0,0,0,0,0,0,0,0,0,0,0,1,0,0,0
src/java/org/apache/lucene/index/TermInfosWriter.java,658,0,0,0,0,0,0,0,0,0,2,0,2,0,0,0,0,0,0,0,0,0,0,0,0,0,1
src/java/org/apache/lucene/search/TimeLimitedCollector.java,102,0,0,0,0,0,0,0,0,0,4,0,3,0,0,0,0,0,0,0,0,0,0,0,0,0,3
src/java/org/apache/lucene/index/FreqProxTermsWriterPerField.java,364,0,0,0,0,0,0,0,0,0,1,0,0,0,0,0,0,0,0,0,0,0,0,0,3,0,0
src/java/org/apache/lucene/index/FreqProxTermsWriterPerThread.java,28,0,0,0,0,0,0,0,0,0,0,0,0,0,0,0,0,0,0,0,0,0,0,0,2,0,0
src/java/org/apache/lucene/index/TermsHashPerField.java,1605,0,0,0,0,0,0,0,0,0,4,0,0,2,0,0,0,1,0,0,0,0,0,0,0,0,0
src/java/org/apache/lucene/index/Payload.java,227,0,0,0,0,0,0,0,0,0,0,0,0,0,0,0,0,0,0,0,0,0,0,0,0,0,0
src/java/org/apache/lucene/index/FreqProxTermsWriter.java,856,0,0,0,0,0,0,0,0,0,3,1,0,0,0,0,0,3,0,0,0,0,0,0,3,0,1
src/java/org/apache/lucene/index/DocInverter.java,136,0,0,0,0,0,0,0,0,0,0,0,0,0,0,0,0,0,0,0,0,0,0,0,0,0,0
src/java/org/apache/lucene/store/MMapDirectory.java,55,0,0,0,0,0,0,1,0,0,1,0,0,0,0,0,0,2,1,0,0,0,0,0,2,0,5
src/java/org/apache/lucene/analysis/KeywordTokenizer.java,112,0,0,0,0,0,0,0,0,0,0,0,0,0,0,0,0,0,0,0,0,0,0,0,0,0,5
src/java/org/apache/lucene/search/ExtendedFieldCacheImpl.java,84,0,0,0,0,0,0,0,0,0,0,0,0,0,0,0,0,0,0,0,0,0,0,0,0,0,2
src/java/org/apache/lucene/index/FieldsReader.java,1041,0,0,0,1,0,0,0,0,0,0,0,1,0,0,0,1,0,0,0,0,0,0,0,0,0,4
src/java/org/apache/lucene/util/CloseableThreadLocal.java,135,0,0,0,0,0,0,0,0,0,0,0,0,0,0,0,0,0,0,0,0,0,0,0,0,0,2
src/java/org/apache/lucene/document/FieldSelectorResult.java,83,0,0,0,0,1,0,0,0,0,0,0,1,0,0,0,0,0,0,0,0,0,0,0,0,0,2
src/java/org/apache/lucene/index/FieldsWriter.java,553,0,0,0,0,0,0,0,0,0,0,0,2,0,0,0,0,0,0,0,0,0,0,0,0,0,1
src/java/org/apache/lucene/index/FieldReaderException.java,20,0,0,0,0,0,0,0,0,0,0,0,0,0,0,0,0,0,0,0,0,0,0,1,0,0,0
src/java/org/apache/lucene/index/CheckIndex.java,1498,0,0,0,1,0,0,0,0,0,1,1,0,0,0,0,0,0,0,0,0,0,0,0,0,0,7
src/java/org/apache/lucene/index/SegmentReader.java,2234,0,0,0,6,0,0,0,0,0,10,1,2,15,0,0,0,0,0,0,0,0,0,0,0,0,23
src/java/org/apache/lucene/index/SegmentTermDocs.java,455,0,0,0,0,0,0,0,0,0,0,0,2,0,0,0,0,0,0,0,0,0,0,0,2,0,2
src/java/org/apache/lucene/util/OpenBitSet.java,1531,0,0,0,0,0,0,0,0,0,0,0,0,0,0,0,0,0,0,0,0,0,0,0,0,0,3
src/java/org/apache/lucene/util/OpenBitSetIterator.java,1311,0,0,0,0,0,0,0,0,0,0,0,0,0,0,0,0,0,0,0,0,0,0,0,0,0,2
src/java/org/apache/lucene/search/SortField.java,286,0,0,0,0,0,0,0,1,0,0,0,1,0,0,0,0,0,0,0,0,0,0,0,0,0,7
src/java/org/apache/lucene/index/CompoundFileWriter.java,414,0,0,0,0,0,0,0,0,0,6,0,0,0,0,0,0,0,0,0,0,0,0,0,0,0,0
src/java/org/apache/lucene/index/SegmentMerger.java,1901,0,0,0,0,0,0,0,0,0,14,0,5,0,0,0,0,0,0,0,0,0,0,0,0,0,4
src/java/org/apache/lucene/index/SegmentTermPositionVector.java,65,0,0,0,0,0,0,0,0,0,0,0,0,0,0,0,0,0,0,0,0,0,0,0,0,0,0
src/java/org/apache/lucene/index/SegmentTermVector.java,133,0,0,0,0,0,0,0,0,0,0,0,3,0,0,0,0,0,0,0,0,0,0,0,0,0,0
src/java/org/apache/lucene/index/TermVectorOffsetInfo.java,83,0,0,0,0,1,0,0,1,0,0,0,0,0,0,0,0,0,0,0,0,0,0,1,0,0,1
src/java/org/apache/lucene/analysis/standard/StandardFilter.java,133,0,0,0,0,0,0,0,0,0,2,0,0,0,0,0,0,0,0,0,0,0,0,0,0,0,0
src/java/org/apache/lucene/analysis/LowerCaseFilter.java,74,0,0,0,0,0,0,0,0,0,0,0,0,0,0,0,0,0,0,0,0,0,0,0,0,0,0
src/java/org/apache/lucene/queryParser/QueryParserTokenManager.java,3060,0,0,0,0,1,0,0,0,0,18,1,0,0,0,0,0,6,0,0,0,1,8,0,0,0,1
src/java/org/apache/lucene/document/DateField.java,126,0,0,0,0,0,0,0,0,0,1,0,0,0,0,0,0,0,0,0,0,0,0,0,0,0,2
src/java/org/apache/lucene/document/DateTools.java,567,0,0,0,0,0,0,0,0,0,0,0,0,0,0,0,0,0,0,0,0,0,0,0,0,0,5
src/java/org/apache/lucene/search/ConstantScoreRangeQuery.java,348,0,0,0,0,0,0,0,0,0,0,0,0,0,0,0,0,3,0,0,0,0,0,0,0,0,1
src/java/org/apache/lucene/search/PrefixQuery.java,149,0,0,0,0,0,0,0,0,0,0,0,1,0,0,0,0,0,0,0,0,0,0,0,0,0,3
src/java/org/apache/lucene/search/RangeQuery.java,480,0,0,0,0,1,0,0,0,0,0,0,0,0,0,0,0,0,0,0,0,0,0,0,0,0,4
src/java/org/apache/lucene/search/WildcardQuery.java,55,0,0,0,0,0,0,0,0,0,0,0,1,0,0,0,0,0,0,0,0,0,0,0,0,0,3
src/java/org/apache/lucene/queryParser/TokenMgrError.java,184,0,0,0,0,0,0,0,0,0,0,0,0,0,0,0,0,0,0,0,0,0,0,1,0,0,1
src/java/org/apache/lucene/search/BooleanScorer2.java,500,0,0,0,0,0,0,0,0,0,6,0,4,0,0,0,0,0,0,0,0,0,0,0,0,0,6
src/java/org/apache/lucene/search/SimilarityDelegator.java,56,0,0,0,0,0,0,0,0,0,0,0,1,0,0,0,0,0,0,0,0,0,0,0,0,0,1
src/java/org/apache/lucene/search/QueryFilter.java,20,0,0,0,0,0,0,0,0,0,0,0,0,0,0,0,0,0,0,0,0,0,0,0,0,0,0
src/java/org/apache/lucene/search/CachingWrapperFilter.java,162,0,0,0,0,0,0,0,0,0,0,0,0,0,0,0,0,0,0,0,0,0,0,0,0,0,5
src/java/org/apache/lucene/search/QueryWrapperFilter.java,84,0,0,0,0,0,0,0,0,0,0,0,1,0,0,0,0,0,0,0,0,0,0,0,0,0,5
src/java/org/apache/lucene/analysis/LetterTokenizer.java,9,0,0,0,0,0,0,0,0,0,0,0,0,0,0,0,0,0,0,0,0,0,0,0,0,0,0
src/java/org/apache/lucene/analysis/StopFilter.java,178,0,0,0,0,0,0,0,0,0,0,0,0,0,0,0,0,0,0,0,0,0,0,0,0,0,1
src/java/org/apache/lucene/search/function/IntFieldSource.java,120,0,0,0,0,0,0,0,0,0,0,0,0,0,0,0,0,0,0,0,0,0,0,0,0,0,1
src/java/org/apache/lucene/index/FilterIndexReader.java,200,0,0,0,0,0,0,0,0,0,1,0,0,0,0,0,0,0,0,0,0,0,0,0,0,0,2
src/java/org/apache/lucene/search/DisjunctionMaxQuery.java,318,0,0,0,0,0,0,2,0,1,0,0,3,0,0,0,0,1,0,0,0,0,0,0,0,0,5
src/java/org/apache/lucene/search/RemoteSearchable.java,120,0,0,0,0,0,0,0,0,0,0,0,1,0,0,0,0,0,0,0,0,0,0,0,0,0,2
src/java/org/apache/lucene/util/ArrayUtil.java,228,0,0,0,0,0,0,0,0,0,0,0,0,0,0,0,0,0,0,0,0,0,0,0,0,0,2
src/java/org/apache/lucene/search/PhrasePositions.java,95,0,0,0,0,0,0,0,0,0,0,0,0,0,0,0,0,0,0,0,0,0,0,0,0,0,0
src/java/org/apache/lucene/index/TermsHash.java,584,0,0,0,0,0,0,0,0,0,0,0,0,6,0,0,0,0,0,0,0,0,0,0,0,0,0
src/java/org/apache/lucene/index/TermsHashPerThread.java,276,0,0,0,0,0,0,0,0,0,0,0,0,1,0,0,0,0,0,0,0,0,0,0,0,0,0
src/java/org/apache/lucene/search/function/CustomScoreQuery.java,454,0,0,0,0,0,0,0,0,0,0,0,3,0,0,0,0,1,0,0,0,0,0,0,0,0,6
src/java/org/apache/lucene/util/BitVector.java,1538,0,0,0,0,0,0,0,0,0,1,0,0,0,0,0,0,0,0,0,0,0,0,0,0,0,2
src/java/org/apache/lucene/analysis/PerFieldAnalyzerWrapper.java,90,0,0,0,0,0,0,0,0,0,0,0,2,0,0,0,0,0,0,0,0,0,0,0,0,0,1
src/java/org/apache/lucene/search/TopDocCollector.java,117,0,0,0,0,0,0,0,0,0,0,0,0,0,0,0,0,0,0,0,0,0,0,0,0,0,1
src/java/org/apache/lucene/search/spans/SpanFirstQuery.java,182,0,0,0,0,0,0,0,0,0,0,0,1,0,0,0,0,0,0,0,0,0,0,0,0,0,2
src/java/org/apache/lucene/document/SetBasedFieldSelector.java,33,0,0,0,2,0,0,0,0,0,0,0,2,0,0,0,0,0,0,0,0,0,0,0,0,0,0
src/java/org/apache/lucene/document/MapFieldSelector.java,83,0,0,0,0,0,0,0,0,0,0,0,0,0,0,0,0,0,0,0,0,0,0,0,0,0,0
src/java/org/apache/lucene/index/DocumentsWriterThreadState.java,57,0,0,0,0,0,0,0,0,0,0,0,0,0,0,0,0,0,0,0,0,0,0,0,0,0,1
src/java/org/apache/lucene/index/BufferedDeletes.java,227,0,0,0,0,0,0,0,0,0,0,0,0,1,0,0,0,0,0,0,0,0,0,0,0,0,1
src/java/org/apache/lucene/index/DocFieldProcessor.java,91,0,0,0,0,0,0,0,0,0,0,0,0,0,0,0,0,0,0,0,0,0,0,0,0,0,1
src/java/org/apache/lucene/index/DocFieldConsumers.java,281,0,0,0,0,0,0,0,0,0,3,0,0,2,0,0,0,0,0,0,0,0,0,0,0,0,0
src/java/org/apache/lucene/index/StoredFieldsWriter.java,498,0,0,0,0,0,0,0,0,0,1,0,0,6,0,0,0,0,0,0,0,0,0,0,0,0,3
src/java/org/apache/lucene/index/TermVectorsTermsWriter.java,751,0,0,0,0,0,0,0,0,0,1,0,0,6,0,0,0,0,0,0,0,0,0,0,0,0,2
src/java/org/apache/lucene/index/ByteBlockPool.java,387,0,0,0,0,0,0,0,0,0,10,0,0,0,0,0,0,0,0,0,0,0,0,0,0,0,0
src/java/org/apache/lucene/index/DocFieldProcessorPerThread.java,770,0,0,0,0,0,0,0,0,0,0,0,0,0,0,0,0,0,0,0,0,0,0,0,0,0,1
src/java/org/apache/lucene/search/RemoteCachingWrapperFilter.java,28,0,0,0,0,0,0,0,0,0,0,0,0,0,0,0,0,0,0,0,0,0,0,0,0,0,1
src/java/org/apache/lucene/search/FilterManager.java,112,0,0,0,0,0,0,0,0,0,0,0,2,1,0,0,0,0,0,0,0,0,0,0,0,0,3
src/java/org/apache/lucene/index/IndexFileNameFilter.java,145,0,0,0,0,0,0,0,0,0,0,0,2,0,0,0,0,0,0,0,0,0,0,0,0,0,0
src/java/org/apache/lucene/util/DocIdBitSet.java,31,0,0,0,0,0,0,0,0,0,0,0,2,0,0,0,0,0,0,0,0,0,0,0,0,0,2
src/java/org/apache/lucene/util/OpenBitSetDISI.java,155,0,0,0,0,0,0,1,0,0,0,0,0,0,0,0,0,0,0,0,0,0,0,0,0,0,2
src/java/org/apache/lucene/util/SortedVIntList.java,207,0,0,0,0,0,0,0,0,0,3,0,0,0,0,0,0,0,0,0,0,0,0,0,0,0,2
src/java/org/apache/lucene/index/ByteSliceWriter.java,240,0,0,0,0,0,0,0,0,0,0,0,0,0,0,0,0,2,0,0,0,0,0,0,0,0,0
src/java/org/apache/lucene/analysis/CharArraySet.java,569,0,0,0,0,0,0,0,0,0,0,1,0,0,0,0,0,0,0,0,0,0,0,0,0,0,2
src/java/org/apache/lucene/index/FieldSortedTermVectorMapper.java,69,0,0,0,0,0,0,0,0,0,0,0,1,0,0,0,0,0,0,0,0,0,0,0,0,0,0
src/java/org/apache/lucene/index/TermVectorEntry.java,135,0,0,0,0,1,0,0,1,0,0,0,0,0,0,0,0,0,0,0,0,0,0,1,0,0,0
src/java/org/apache/lucene/index/MultiSegmentReader.java,1118,0,0,0,0,0,0,3,0,0,1,0,2,5,0,0,0,0,0,0,0,0,0,0,0,0,7
src/java/org/apache/lucene/index/ReadOnlyMultiSegmentReader.java,22,0,0,0,0,0,0,0,0,0,0,0,0,0,0,0,0,0,0,0,0,0,0,0,0,0,2
src/java/org/apache/lucene/index/SegmentMergeQueue.java,47,0,0,0,0,0,0,0,0,0,0,0,0,0,0,0,0,0,0,0,0,0,0,0,0,0,0
src/java/org/apache/lucene/index/SegmentMergeInfo.java,108,0,0,0,0,0,0,0,0,0,0,0,0,0,0,0,0,0,0,0,0,0,0,0,0,0,1
src/java/org/apache/lucene/search/ExactPhraseScorer.java,64,0,0,0,0,0,0,0,0,0,0,0,0,0,0,0,0,0,0,0,0,0,0,0,0,0,2
src/java/org/apache/lucene/search/FuzzyTermEnum.java,514,0,0,0,0,0,0,0,0,0,0,0,0,1,0,0,0,0,0,0,0,0,0,0,0,0,1
src/java/org/apache/lucene/index/TermVectorsReader.java,1287,0,0,0,2,0,0,1,0,0,0,0,0,0,0,0,0,0,0,0,0,0,0,0,0,0,0
src/java/org/apache/lucene/search/PhraseQueue.java,51,0,0,0,0,0,0,0,0,0,0,0,0,0,0,0,0,0,0,0,0,0,0,0,0,0,0
src/java/org/apache/lucene/search/FieldSortedHitQueue.java,438,0,0,0,0,0,0,0,0,0,3,0,0,0,0,0,0,0,0,0,0,0,0,0,0,0,3
src/java/org/apache/lucene/search/FieldDoc.java,16,0,0,0,0,0,0,0,0,0,0,0,0,0,0,0,0,0,0,0,0,0,0,0,0,0,1
src/java/org/apache/lucene/index/StoredFieldsWriterPerThread.java,74,0,0,0,0,0,0,0,0,0,0,0,0,0,0,0,0,0,0,0,0,0,0,0,0,0,1
src/java/org/apache/lucene/index/StoredFieldsWriterPerField.java,185,0,0,0,0,0,0,0,0,0,0,0,0,0,0,0,0,0,0,0,0,0,0,0,1,0,1
src/java/org/apache/lucene/index/ParallelReader.java,865,0,0,0,0,0,0,3,0,0,0,1,4,1,0,0,0,0,0,0,0,0,0,2,0,0,5
src/java/org/apache/lucene/analysis/PorterStemFilter.java,78,0,0,0,0,0,0,0,0,0,0,0,1,0,0,0,0,0,0,0,0,0,0,0,0,0,0
src/java/org/apache/lucene/search/TermScorer.java,409,0,0,0,0,0,0,0,0,0,0,0,4,0,0,0,0,0,0,0,0,0,0,0,0,0,4
src/java/org/apache/lucene/index/StaleReaderException.java,5,0,0,0,0,0,0,0,0,0,0,0,0,0,0,0,0,0,0,0,0,0,0,0,0,0,0
src/java/org/apache/lucene/index/IntBlockPool.java,125,0,0,0,0,0,0,0,0,0,0,0,0,0,0,0,0,0,0,0,0,0,0,0,0,0,0
src/java/org/apache/lucene/index/SortedTermVectorMapper.java,188,0,0,0,2,0,0,0,0,0,0,0,1,0,0,0,0,0,0,0,0,0,0,0,0,0,0
src/java/org/apache/lucene/analysis/PorterStemmer.java,1158,0,0,0,0,0,0,0,0,0,0,0,0,0,0,0,0,0,1,0,1,2,0,0,0,0,0
src/java/org/apache/lucene/store/RAMOutputStream.java,332,0,0,0,0,0,0,0,0,0,0,0,0,0,0,0,0,2,0,0,0,0,0,0,0,0,0
src/java/org/apache/lucene/store/LockStressTest.java,172,0,0,0,0,0,0,0,0,0,0,0,0,0,0,0,0,0,0,0,0,0,0,0,0,0,0
src/java/org/apache/lucene/store/LockObtainFailedException.java,5,0,0,0,0,0,0,0,0,0,0,0,0,0,0,0,0,0,0,0,0,0,0,0,0,0,0
src/java/org/apache/lucene/store/VerifyingLockFactory.java,36,0,0,0,0,0,0,0,0,0,0,0,1,6,0,0,0,0,3,0,0,0,0,0,0,0,0
src/java/org/apache/lucene/search/ParallelMultiSearcher.java,470,0,0,0,0,0,0,0,0,0,0,0,9,0,0,0,0,0,0,0,0,0,0,0,0,0,5
src/java/org/apache/lucene/search/HitQueue.java,39,0,0,0,0,0,0,0,0,0,0,0,0,0,0,0,0,0,0,0,0,0,0,0,0,0,1
src/java/org/apache/lucene/search/FieldDocSortedHitQueue.java,378,0,0,0,0,0,0,0,0,0,0,0,0,1,0,0,0,0,0,0,0,0,0,0,0,0,0
src/java/org/apache/lucene/index/DefaultSkipListWriter.java,182,0,0,0,0,0,0,0,0,0,0,0,2,0,0,0,0,0,0,0,0,0,0,0,0,0,0
src/java/org/apache/lucene/index/TermVectorsWriter.java,599,0,0,0,0,0,0,0,0,0,0,0,4,0,0,0,0,0,0,0,0,0,0,0,0,0,1
src/java/org/apache/lucene/util/cache/SimpleLRUCache.java,33,0,0,0,0,0,0,0,0,0,0,0,1,0,0,0,0,0,0,0,0,0,0,0,0,0,0
src/java/org/apache/lucene/util/cache/SimpleMapCache.java,48,0,0,0,0,0,0,0,0,0,0,0,0,0,0,0,0,0,0,0,0,0,0,0,0,0,0
src/java/org/apache/lucene/index/DocFieldConsumersPerThread.java,146,0,0,0,0,0,0,0,0,0,0,0,0,0,0,0,0,0,0,0,0,0,0,0,0,0,0
src/java/org/apache/lucene/index/DocFieldConsumersPerField.java,44,0,0,0,0,0,0,0,0,0,0,0,0,0,0,0,0,0,0,0,0,0,0,0,0,0,0
src/java/org/apache/lucene/store/RAMInputStream.java,236,0,0,0,0,0,0,0,0,0,0,0,2,0,0,0,0,2,0,0,0,0,0,0,0,0,0
src/java/org/apache/lucene/index/ByteSliceReader.java,447,0,0,0,0,0,0,0,0,0,0,0,0,0,0,0,0,2,0,0,0,0,0,0,0,0,0
src/java/org/apache/lucene/search/DisjunctionMaxScorer.java,447,0,0,0,0,0,0,0,0,0,0,0,2,0,0,0,0,0,0,0,0,0,0,0,0,0,2
src/java/org/apache/lucene/analysis/WordlistLoader.java,147,0,0,0,0,0,0,0,0,0,0,0,0,0,0,0,0,0,0,0,0,0,0,0,0,0,1
src/java/org/apache/lucene/index/PositionBasedTermVectorMapper.java,110,0,0,0,2,0,0,0,0,0,0,0,2,0,0,0,0,0,0,0,0,0,0,0,0,0,0
src/java/org/apache/lucene/analysis/LengthFilter.java,79,0,0,0,0,0,0,0,0,0,0,0,0,0,0,0,0,0,0,0,0,0,0,0,0,0,0
src/java/org/apache/lucene/index/TermVectorEntryFreqSortedComparator.java,37,0,0,0,0,0,0,0,0,0,0,0,0,0,0,0,0,0,0,0,0,0,0,0,0,0,0
src/java/org/apache/lucene/index/TermInfosReader.java,629,0,0,0,0,0,0,0,0,0,0,1,1,1,0,0,0,0,0,0,0,0,0,0,0,0,2
src/java/org/apache/lucene/search/WildcardTermEnum.java,247,0,0,0,0,0,0,0,0,0,2,0,0,0,0,0,0,0,0,0,0,0,0,0,0,0,1
src/java/org/apache/lucene/search/DisjunctionSumScorer.java,357,0,0,0,0,0,0,0,0,0,0,0,0,0,0,0,0,0,0,0,0,0,0,0,0,0,2
src/java/org/apache/lucene/util/ScorerDocQueue.java,361,0,0,0,0,0,0,0,0,0,1,0,0,0,0,0,0,0,0,0,0,0,0,0,0,0,1
src/java/org/apache/lucene/search/function/FieldScoreQuery.java,52,0,0,0,0,0,0,0,0,0,0,0,1,0,0,0,0,0,0,0,0,0,0,0,0,0,1
src/java/org/apache/lucene/search/function/ByteFieldSource.java,120,0,0,0,0,0,0,0,0,0,0,0,0,0,0,0,0,0,0,0,0,0,0,0,0,0,1
src/java/org/apache/lucene/search/function/ShortFieldSource.java,120,0,0,0,0,0,0,0,0,0,0,0,0,0,0,0,0,0,0,0,0,0,0,0,0,0,1
src/java/org/apache/lucene/search/function/FloatFieldSource.java,120,0,0,0,0,0,0,0,0,0,0,0,0,0,0,0,0,0,0,0,0,0,0,0,0,0,1
src/java/org/apache/lucene/analysis/standard/StandardTokenizerImpl.java,729,0,0,0,0,0,0,0,0,0,34,0,0,0,0,0,0,0,0,0,0,0,0,0,0,0,0
src/java/org/apache/lucene/index/DefaultSkipListReader.java,158,0,0,0,0,0,0,0,0,0,0,0,0,0,0,0,0,0,0,0,0,0,0,0,0,0,0
src/java/org/apache/lucene/analysis/ISOLatin1AccentFilter.java,708,0,0,0,0,0,0,0,0,0,2,0,0,0,0,0,0,0,0,0,0,0,0,0,0,0,0
src/java/org/apache/lucene/index/MultipleTermPositions.java,191,0,0,0,0,0,0,0,0,0,4,0,2,0,0,0,0,0,0,0,0,0,0,0,0,0,0
src/java/org/apache/lucene/analysis/KeywordAnalyzer.java,31,0,0,0,0,0,0,0,0,0,0,0,0,0,0,0,0,0,0,0,0,0,0,0,0,0,1
src/java/org/apache/lucene/index/MultiReader.java,801,0,0,0,0,0,0,0,0,0,1,0,1,4,0,0,0,0,0,0,0,0,0,0,0,0,5
src/java/org/apache/lucene/search/HitIterator.java,60,0,0,0,0,0,0,0,0,0,0,0,1,0,0,0,0,0,0,0,0,0,0,0,0,0,0
src/java/org/apache/lucene/search/QueryTermVector.java,287,0,0,0,0,0,0,0,0,0,0,0,0,0,0,0,0,0,0,0,0,0,0,0,0,0,0
src/java/org/apache/lucene/queryParser/FastCharStream.java,237,0,0,0,0,0,0,0,0,0,0,0,0,0,0,0,0,0,0,0,0,0,0,0,0,0,0
src/java/org/apache/lucene/index/FreqProxFieldMergeState.java,238,0,0,0,0,0,0,0,0,0,0,0,0,0,0,0,0,0,0,0,0,0,0,0,0,0,0
src/java/org/apache/lucene/search/BooleanScorer.java,461,0,0,0,0,0,0,0,1,0,2,0,3,0,0,0,0,0,0,0,0,0,0,1,0,0,4
src/java/org/apache/lucene/search/function/OrdFieldSource.java,90,0,0,0,0,0,0,0,0,0,1,0,0,0,0,0,0,0,0,0,0,0,0,0,0,0,0
src/java/org/apache/lucene/index/LogByteSizeMergePolicy.java,54,0,0,0,0,0,0,0,0,0,0,0,0,0,0,0,0,0,0,0,0,0,0,0,0,0,3
src/java/org/apache/lucene/index/CharBlockPool.java,106,0,0,0,0,0,0,0,0,0,0,0,0,0,0,0,0,0,0,0,0,0,0,0,0,0,0
src/java/org/apache/lucene/search/ConjunctionScorer.java,278,0,0,0,0,0,0,0,0,0,0,0,0,0,0,0,0,0,0,0,0,0,0,0,0,0,1
src/java/org/apache/lucene/search/Hit.java,116,0,0,0,0,0,0,0,0,0,0,0,2,0,0,0,0,0,0,0,0,0,0,0,0,0,0
src/java/org/apache/lucene/search/function/ReverseOrdFieldSource.java,97,0,0,0,0,0,0,0,0,0,1,0,0,0,0,0,0,0,0,0,0,0,0,0,0,0,0
src/java/org/apache/lucene/index/TermVectorsTermsWriterPerField.java,599,0,0,0,0,0,0,0,0,0,0,0,0,0,0,0,0,0,0,0,0,0,0,0,2,0,1
src/java/org/apache/lucene/index/TermVectorsTermsWriterPerThread.java,167,0,0,0,0,0,0,0,0,0,3,0,0,0,0,0,0,0,0,0,0,0,0,0,0,0,0
src/java/org/apache/lucene/queryParser/MultiFieldQueryParser.java,453,0,0,0,0,0,0,0,0,1,0,0,0,0,0,0,0,0,0,0,0,0,0,0,0,0,0
src/java/org/apache/lucene/search/spans/NearSpansOrdered.java,725,0,0,0,1,0,0,0,0,0,0,1,2,0,0,0,0,0,0,0,0,0,0,0,0,0,4
src/java/org/apache/lucene/document/LoadFirstFieldSelector.java,7,0,0,0,0,0,0,0,0,0,0,0,0,0,0,0,0,0,0,0,0,0,0,0,0,0,0
src/java/org/apache/lucene/store/ChecksumIndexInput.java,65,0,0,0,0,0,0,0,0,0,0,0,0,0,0,0,0,0,0,0,0,0,0,0,0,0,0
src/java/org/apache/lucene/search/ReqOptSumScorer.java,113,0,0,0,0,0,0,0,0,0,1,0,1,0,0,0,0,0,0,0,0,0,0,0,0,0,2
src/java/org/apache/lucene/search/spans/NearSpansUnordered.java,509,0,0,0,0,0,0,0,0,0,0,1,6,0,0,0,0,0,0,0,0,0,0,0,0,0,2
src/java/org/apache/lucene/util/BitUtil.java,3574,0,0,0,0,0,0,0,0,0,1,0,0,0,0,0,0,21,0,0,0,0,0,0,0,0,2
src/java/org/apache/lucene/index/DocFieldProcessorPerField.java,31,0,0,0,0,0,0,0,0,0,0,0,0,0,0,0,0,0,0,0,0,0,0,0,0,0,0
src/java/org/apache/lucene/index/IndexModifier.java,719,0,0,0,0,0,0,0,0,0,0,0,0,0,0,0,0,0,0,0,0,0,0,0,0,0,2
src/java/org/apache/lucene/util/Constants.java,44,0,0,0,0,0,0,0,0,0,8,0,0,0,0,0,0,0,0,0,0,0,0,0,0,0,4
src/java/org/apache/lucene/index/ReadOnlySegmentReader.java,26,0,0,0,0,0,0,0,0,0,0,0,0,0,0,0,0,0,0,0,0,0,0,0,0,0,0
src/java/org/apache/lucene/store/LockVerifyServer.java,165,0,0,0,0,0,0,0,0,0,0,0,0,0,0,0,0,0,4,0,0,0,0,0,0,0,0
src/java/org/apache/lucene/index/SegmentTermPositions.java,323,0,0,0,0,0,0,0,0,0,0,0,0,0,0,0,0,0,0,0,0,0,0,0,0,0,3
src/java/org/apache/lucene/search/SloppyPhraseScorer.java,389,0,0,0,0,0,0,0,0,1,0,0,1,0,0,0,0,0,0,0,0,0,0,0,0,0,2
src/java/org/apache/lucene/search/TopFieldDocCollector.java,88,0,0,0,0,0,0,0,0,0,0,0,0,0,0,0,0,0,0,0,0,0,0,0,0,0,1
src/java/org/apache/lucene/search/payloads/PayloadSpanUtil.java,356,0,0,0,1,0,0,0,0,2,0,0,1,0,0,0,0,0,0,0,0,0,0,0,0,0,1
src/java/org/apache/lucene/search/NonMatchingScorer.java,31,0,0,0,0,0,0,0,0,0,0,0,0,0,0,0,0,0,0,0,0,0,0,0,0,0,3
src/java/org/apache/lucene/store/ChecksumIndexOutput.java,98,0,0,0,0,0,0,0,0,0,0,0,0,0,0,0,0,0,0,0,0,0,0,0,0,0,0
src/java/org/apache/lucene/search/CachingSpanFilter.java,116,0,0,0,0,0,0,0,0,0,0,0,0,0,0,0,0,0,0,0,0,0,0,0,0,0,1
src/java/org/apache/lucene/LucenePackage.java,27,0,0,0,0,0,0,0,0,0,0,0,0,0,0,0,0,0,0,0,0,0,0,0,0,0,0
src/java/org/apache/lucene/store/NIOFSDirectory.java,30,0,0,0,0,0,0,0,0,0,0,0,0,0,0,0,0,0,0,0,0,0,0,0,0,0,5
src/java/org/apache/lucene/index/TermFreqVector.java,6,0,0,0,0,0,0,0,0,0,0,0,0,0,0,0,0,0,0,0,0,0,0,0,0,0,1
src/java/org/apache/lucene/document/Fieldable.java,24,0,0,0,0,0,0,0,0,0,0,0,0,0,0,0,0,0,0,0,0,0,0,0,0,0,1
src/java/org/apache/lucene/search/FieldCache.java,20,0,0,0,0,0,0,0,0,0,1,0,0,0,0,0,0,0,0,0,0,0,0,0,0,0,6
src/java/org/apache/lucene/index/IndexDeletionPolicy.java,2,0,0,0,0,0,0,0,0,0,0,0,0,0,0,0,0,0,0,0,0,0,0,0,0,0,0
src/java/org/apache/lucene/index/TermDocs.java,8,0,0,0,0,0,0,0,0,0,0,0,0,0,0,0,0,0,0,0,0,0,0,0,0,0,0
src/java/org/apache/lucene/index/TermPositions.java,4,0,0,0,0,0,0,0,0,0,0,0,0,0,0,0,0,0,0,0,0,0,0,0,0,0,0
src/java/org/apache/lucene/search/spans/PayloadSpans.java,2,0,0,0,0,0,0,0,0,0,0,0,0,0,0,0,0,0,0,0,0,0,0,0,0,0,2
src/java/org/apache/lucene/search/spans/Spans.java,5,0,0,0,0,0,0,0,0,0,0,0,0,0,0,0,0,0,0,0,0,0,0,0,0,0,2
src/java/org/apache/lucene/search/Weight.java,6,0,0,0,0,0,0,0,0,0,0,0,0,0,0,0,0,0,0,0,0,0,0,0,0,0,3
src/java/org/apache/lucene/search/ExtendedFieldCache.java,11,0,0,0,0,0,0,0,0,0,1,0,0,0,0,0,0,0,0,0,0,0,0,0,0,0,2
src/java/org/apache/lucene/document/FieldSelector.java,1,0,0,0,0,0,0,0,0,0,0,0,0,0,0,0,0,0,0,0,0,0,0,0,0,0,0
src/java/org/apache/lucene/search/SortComparatorSource.java,1,0,0,0,0,0,0,0,0,0,0,0,0,0,0,0,0,0,0,0,0,0,0,0,0,0,1
src/java/org/apache/lucene/index/TermPositionVector.java,2,0,0,0,0,0,0,0,0,0,0,0,0,0,0,0,0,0,0,0,0,0,0,0,0,0,0
src/java/org/apache/lucene/queryParser/QueryParserConstants.java,179,0,0,0,0,0,38,0,0,0,0,0,0,0,0,0,0,0,0,0,0,0,0,0,0,0,0
src/java/org/apache/lucene/queryParser/CharStream.java,12,0,0,0,0,0,0,0,0,0,0,0,0,0,0,0,0,0,0,0,0,0,0,0,0,0,1
src/java/org/apache/lucene/search/Searchable.java,11,0,0,0,0,0,0,0,0,0,0,0,0,0,0,0,0,0,0,0,0,0,0,0,0,0,5
src/java/org/apache/lucene/search/ScoreDocComparator.java,15,0,0,0,0,0,0,0,0,0,0,0,0,0,0,0,0,0,0,0,0,0,0,0,0,0,0
src/java/org/apache/lucene/index/IndexCommitPoint.java,3,0,0,0,0,0,0,0,0,0,0,0,0,0,0,0,0,0,0,0,0,0,0,0,0,0,0
